{
  "home_adv": 1.2437647583406473,
  "rho": -0.03669071477949145,
  "xi": 0.0018,
  "n_matches": 32643,
  "n_teams": 200
}