{
  "home_adv": 1.2187070328998806,
  "rho": -0.05013266852821592,
  "xi": 0.0018,
  "n_matches": 93259,
  "n_teams": 288
}